{"version":1,"hash":{"type":"Buffer","data":"js8DJH5LmYqrbCyg8yrTjIeQ15XBlNht9TrUd9hj0XgPWWRNVGYv2x9cMUD6tRPzliImw08kEFTrlHhNMRAyisFJqwqnJfSTQiG5tbUYLiFYKKuHocMFe8LFsZG5b9f1DafXDZHQTHpk11Mlc7Pwlw7a1TjctPTYiQzjWJz+GWU="},"indexValueMap":{"T7T4gO2CZqondWiQvruT9o5v6olb8WtbXcMGeTxsR5Q=":{"valueMac":{"type":"Buffer","data":"kRu7rfpdNsRdPZmnQQKonVvfGV35LLJ0gHpY8SMEWLU="}},"MySXbDjm+GAKYpMqkd7A2+fi6vdqIDNrWVA6EX0btQU=":{"valueMac":{"type":"Buffer","data":"mlPaxJ/5kZ/6jbYQhnTB4gpBpRTYo04Oxgklh/YCv/U="}},"AlJMPuhJFtOq5Q1PYJMEfv+HZhidV3GQ2aKs+gkD/vY=":{"valueMac":{"type":"Buffer","data":"0/xXXQNPSjwiPsHlhGNxplv+C06LXsp/KJC1XbnDXxk="}},"ehRLGnsIOzZGVYX/sP8eSyPThvbVHkqgjXO3HbEtL28=":{"valueMac":{"type":"Buffer","data":"UpfXpJihNLo4uedLvgA6Wk0QWnbm235Df+N9o5qdhQ4="}},"gzPmwtMJ4yLSKO2Nnzn/76gAm8V6DEmoTJmOxWX5UF8=":{"valueMac":{"type":"Buffer","data":"b/edUvcTgyTcCDhKTS0HCHlfoXE62q/p0K/Xc9Rfqb8="}},"M4Z59ATaIJUU7LyF21osvdp0Irw45F2aLzpJTNJDr+4=":{"valueMac":{"type":"Buffer","data":"Q67YuKABqRcp7AvXKabdz2sMC5Eu1qZl59gO3bdQdEQ="}}}}