{"version":1,"hash":{"type":"Buffer","data":"YCDYBr6y4wKqQc/Ts+oCzJfuviIljgYifG4rwuSdPIp6yW3oRWIDC+tbkwWXy+Bxm2/dj6uvSwf3pJMcthRNGan+OHizP/uRGgxeTgJxpSnXBTqrqL4eqnuAKGbLKd9cqKrtxA8jhpL7YnbGoah2Xo4eQKRzzHk6Kx4QF6VTIaY="},"indexValueMap":{"5IsXDr7PhFGKjgsojMepiNDLowj4IUSkUFqtLwg3Sho=":{"valueMac":{"type":"Buffer","data":"k93UAGl8dk7ImSGh/IWtbeuW1RcTS4K3qOgjF9P4ylU="}},"uFnDVb27y/uHSjPfoCB8vHimuEuDcdM3xpCkmbn/8TY=":{"valueMac":{"type":"Buffer","data":"nd54RsAlTQMvngrB5RAu90FNYbMwiMmd5jgtd7ji2Vg="}},"0tVgcpKPlNbnEb1knAyUcYyA0uTfki0k+ZeW/wqvDu4=":{"valueMac":{"type":"Buffer","data":"2KgvrxxUzvWgai+WFesi7hzng2aTrtlLu1fs6Wr9VgY="}},"o/XsvNtJP7z1DLjGPr6ON2sEPfZJhVTcutg2NlPjbXQ=":{"valueMac":{"type":"Buffer","data":"rTdmdigi5NjwM1Hf3k/7N+cjbQy3hVjAdrasU9kMWxc="}},"NT+G6NFOKcHs5R//9PCZShCHG22YnmCUA07pY+dS46g=":{"valueMac":{"type":"Buffer","data":"FU5zpOtgEUM2+aKfj3jW3dccTk3quQ/W1SNHbMcJuBo="}},"+oQWGCuhA+kh4wYy/X7V4keY35LoKBxT22tUwrQuWNI=":{"valueMac":{"type":"Buffer","data":"hAdfNJkbPn5TuZuSSYNC73TQwNq0KI6RrS//fCWUTqk="}},"lCEIEnWc7ouyII6zj98ttJf1j4EULFG+Zz7xtZ6E1bM=":{"valueMac":{"type":"Buffer","data":"vZ3k8d3VvWLLIxPMHW6NuGWOymsDUwiN8tYIBr5bCtc="}},"J0YSCrBpQg8Xp4OyqK3Krd0N6zo6+eG6YdrR2aASZN8=":{"valueMac":{"type":"Buffer","data":"+Hai2WsnQBzUCYF1WkNm28/3N+Z0eX40OY4is2Y4ZeI="}},"LeaLTCu2y9jnmU/yLON2jWZLpwMl6fLimTvOE7+lgSA=":{"valueMac":{"type":"Buffer","data":"I5kgz7beTjwyDbvvhon6N0A87k2Y8IfZroDTdV9s/c0="}},"/zD7KyCmHfrqs24tR9yWGhJO3roy0riwaRw//+RB7zU=":{"valueMac":{"type":"Buffer","data":"9BCE7WpApLmIOUg651uPrgNZv/twdrs6vM5j7SkY1s4="}},"/SEXJJKPmhqBvO0oQoTKWauqGdRTtaypLjaNrcHz3Mk=":{"valueMac":{"type":"Buffer","data":"sfpscpqIhDaldYfCO2OnemRSz2IR/pzPVhzYwU4eiLU="}},"ycGCdiIlFunx3knhTiUnQDLl44Hknpi4p/u844SFfLs=":{"valueMac":{"type":"Buffer","data":"EGXJTwnonBN8nwaCLsV5eVNeGP6hmQvEeWAzuXR97D8="}},"qR2FsN85KL2zF/fpNZa4hLPFSjD5mGSXhRYvfRpmv8Y=":{"valueMac":{"type":"Buffer","data":"benWXkSkLGYTF/qmfQKefkVbxN9BVFu/vSEebHMa4C8="}},"v5VJhpvSdPNJp4J9LQErAo7OV3IhflSOhGk9CbRGYK8=":{"valueMac":{"type":"Buffer","data":"Zh+WI6RasCRRjbf5lUACspeNbJ95OrPinZnZBi1/m2U="}},"vWmOqW4nS6hwGhDeO3hMuWxtjKLECdQzWgEyOglWYxk=":{"valueMac":{"type":"Buffer","data":"ctz2IajsFmaGmkVEk7KIJPlHiOMokEXUGFL4NTuh1EA="}},"JRXVMrwlAztBtNASXDExdWm+UbnvAOGBTxR8yfVE6BY=":{"valueMac":{"type":"Buffer","data":"0NwJBSbRTjOvQ1g2Gx6trqHFvzuGmWmD+xriq320bOQ="}},"FOtZGZRwUaD8F/1UMIf4ZN1/1OH3VUh/0YUgCXsPil4=":{"valueMac":{"type":"Buffer","data":"kbpBpRXf9GgQ1hZOK4rULM3QH2xUCRKKrI9ayt4Irg0="}},"y5VFf/0hQXKToTCcYKY8xFX6PU7xBud1Ua2VT2Pzhko=":{"valueMac":{"type":"Buffer","data":"/nMIMF2rUeVR6ntw50+nbCxHu5w5jzUDWaTMgxxCQEc="}},"+uZIZQcMD7gCEi1ZedLS2RYGgU61Vo4n2f44oX6X7jk=":{"valueMac":{"type":"Buffer","data":"kNJKAmAikSYBEstZ6N0I1l7nDC/zuAo6v2RXQol3IaE="}},"1JVo9+OEqGE4CSFQOahmHWYaN63Jbh32tHwRSna+YsI=":{"valueMac":{"type":"Buffer","data":"avYTznkPhpmicEgxMFb/VocgRg0RB6xb94AGqNXL8Es="}},"QjekGZVJuk9RlND8WeQjv045RUl0YJUMZBceAJdPT1Q=":{"valueMac":{"type":"Buffer","data":"09Ix49QyfnKVL4hNPXKD1rMcaOtJIGSi4PwY1CZFVeY="}},"98RvMkzQTmH4Z4neePLSyvEW4Cwyu5c1KszGzTnMOL0=":{"valueMac":{"type":"Buffer","data":"G8Y86xMo6CyBDRle6g54nB6gZyZ6/quQZwhO5XSZkZg="}},"BkHmjwVs3wBfT1v7UkPaTEVozKH486YMzavaeJSkMFg=":{"valueMac":{"type":"Buffer","data":"e0r1yA4IUg0SNG1poR3D97LeRtt5mmgdSfN7OSVpdpc="}},"VXqe7meFoj2o4m+fh9ruZPR9LxOF7ZV0YXj433ANjLc=":{"valueMac":{"type":"Buffer","data":"VCXJaSDgZWaMv37xN7DJ2FKvxR54feb/zQyt/ZoiUG8="}},"xiR5RciHOvIRLEdgTMru7f6dGKXgHguQdRYNps68KS0=":{"valueMac":{"type":"Buffer","data":"4kExIQzHA1iq/cChCRisXdKfY/a/KCnMumRWGRUVT2g="}},"DQxi1Ww9ZRn0qcCmfwxHaYZ9xu09AmmtblEqU8kyG8Q=":{"valueMac":{"type":"Buffer","data":"gkTv9bLtJOv5UZ1b1t4HAnmNAYXs/fimFbuc/GfPb68="}},"7i4caru/csmJGUwvJSOeuegYIurOvI3NHQ1SEcFruv0=":{"valueMac":{"type":"Buffer","data":"ZEtk/ACKreKHiyvVux0DmV35pph/KawKb2JZRUmOYb8="}},"/S6djuxKsLzKqsrrhRt+Vt0MjAZuxFR6Nwukny82PRw=":{"valueMac":{"type":"Buffer","data":"XyoKusaueo2n8217hVYQgQEHnvwCS3hNsQXh/OGnAQk="}},"FyxBav59BWfVQoCss9SspzB6qJPOr+GzelmdmBuNCiQ=":{"valueMac":{"type":"Buffer","data":"42ooRVxoP02JtljSDSkfzPWjsuiAjJHk9yIcskj99tY="}},"XGzjFVOz1sZ1a3atwe1ZL7d0zMjsiDa+7L4HKIhMo6E=":{"valueMac":{"type":"Buffer","data":"k38x65lpQfvfqzgKF2Ca4l8+pKI2gglkJ/LYYFYytgk="}},"PveIzr/czykDqttY7mEKQVn4YoRxNpd4tUCxPAjHKO8=":{"valueMac":{"type":"Buffer","data":"IelNsnhcW+1QsIg0KJLCUkt0arzwtAP7Er57YgnWNLs="}},"6jIGHQGKgIsUMekfyn5Vrg1M2jIeSswQ3yq89nzQqtA=":{"valueMac":{"type":"Buffer","data":"iVooLCDSwCh9MO3s1fEUhSSQl4ksFtADCwqa5M55GwU="}},"bSQaezOHLxfUz3tI/KGNbCxhEKy5zNf+N9JgDZdyqP0=":{"valueMac":{"type":"Buffer","data":"hYt+o3WOdYpKO1bwEobY0maOGycE2oNxmt62HgJnCWM="}},"xpRg3oDmAmq7U/IG0MBUzAv/mZxk4SgKoKy4kPYPYxk=":{"valueMac":{"type":"Buffer","data":"XJXpXf/FUH39bT52bd8xWVPMcqdm6IFERtQ6fbg3tQs="}},"q4XXocABcGtumIaanWRajHflVGxYDEYBgQzOX08ML/8=":{"valueMac":{"type":"Buffer","data":"T7ozAsFoj0x7y5u+LeD0e+gCcyL5m2rC9YkHF5TGDmM="}},"0vWVD1FT9tdGrBGrPXqVkWNC/3RKQ0MJK2RaLLeJOPY=":{"valueMac":{"type":"Buffer","data":"zO0GTfuN3HU0vf2G9a8jAJDi7qth0Bn4uhMdCGM0eHs="}},"7glk+ZfGspHQ3Y9URO1K4NdyzuTulHiGdwV85/n7EKM=":{"valueMac":{"type":"Buffer","data":"Jhcy57lMZLAiwrA2jE+wuoMqkzQkDvdg/Fm2lFxGq7o="}},"hTWmOLRpL1moeVgKO1uS5KSho5KZVFTLIBl4XVdh45U=":{"valueMac":{"type":"Buffer","data":"lPJjIV4W9Sj0eTkCJLv5hKOqmnsX60MgzIgEpsvnvKc="}},"sPxOFOUMWv1BZpL8h2qftaLzQsIKeJHNTaMrZEWd6SQ=":{"valueMac":{"type":"Buffer","data":"B+Vjdsg5oM5OOHXHLPE2PSamqyzhnFgZWB01fyhhpsE="}},"rQiX51ndwwcQxjtaht/ZeXkzaYnm30m8D6TgwqY0hU0=":{"valueMac":{"type":"Buffer","data":"yPx+MDsQFKRbNaL/773RMtcb9FU1aF4AaqgJuDy/kd8="}},"30DT7eRD8SJJATfGuwiPVSZUcZMr+c790WT5TlZ+UH0=":{"valueMac":{"type":"Buffer","data":"8gmurTS8L4OciMPGUjdA8CVtAxwFdI6UCXhsvi2/BOQ="}},"JF5Ae8vbVMySJpZ2zj53f1z8Otr5vVEMlAghlsB5HU8=":{"valueMac":{"type":"Buffer","data":"urSGXF6GJEh2/HnFcg/mFttjJicWtCtvMgGNKTIu5HY="}},"KXT5ae29aoQc2mT8/JKOiCjaZzZtf4Al35ZoJDBd0e4=":{"valueMac":{"type":"Buffer","data":"dKfMDPt0KaMDwHUb5pS1iWrG7ADk9hcp8DazgCvWrt8="}},"aDFNgZ95pA+DWSWJNowc6gOHbKjs3WXlOAtGw8RdVs8=":{"valueMac":{"type":"Buffer","data":"o7udskFnhy8frJW8H7vdyTgD3ufE9ZBJeGA6Me6Ua5I="}},"8AdGe2X1Ya/+F9rnjlgqnUhKx9S5jZ5gLRDL1kZFezU=":{"valueMac":{"type":"Buffer","data":"8gPPvSmLO81P5J40XNuPDaOQEMTtAM3fXg2KGCQSEZA="}},"OtIe834bpC8a9Zb6r32jR0t8Z2y3GhZdtk34REQcMmQ=":{"valueMac":{"type":"Buffer","data":"9BLTpG2phWOaTPqVtHV2vMCVLPufdx/j3RmJLR2txXs="}},"EOjrvajyKiIvwdtADurYKbY6W89eh+oI1XyfppnyyAk=":{"valueMac":{"type":"Buffer","data":"ZAWX9UzXNTrxD7MEexVuKC4CHqmusBy3xd7IaCsdsbE="}},"fRCX+I+V3mK8CkuIqtV8pYYqX0+DS6aW7FGr2O2CBAU=":{"valueMac":{"type":"Buffer","data":"XsYtUTzDUZbHOym+xDZn2yu9Mr9PsfXF8A+uTipRhnk="}},"KF6XRbaW4lN6FuRAYiliSD1nWRwFysA4KOlePYAA+1E=":{"valueMac":{"type":"Buffer","data":"+9XLv1Aw1DPfCCVXYAmxTSl7y+umrb2NNzS2UnfwxPc="}},"ewyBh5T/nCgWP3Qp8Cq4xzc4gsc4Ejtp8UNVZ4jx5Y0=":{"valueMac":{"type":"Buffer","data":"4yuC1yIIRW8dL0n5qxAGQeD2+q7dDIyDH+1sh8nHmrk="}},"DFBT1cuYjhmQvIcrsjNHY5sSGuUwKLWlMf45NiMsCt0=":{"valueMac":{"type":"Buffer","data":"oSFKi7D6tvEtCWZeP/vUjCy8D8GCIk2MZioOtvyqr+8="}},"CVQNTEQvvobC/3L+B3n7sRFhkOPBA7zZgjIxzXfQpkU=":{"valueMac":{"type":"Buffer","data":"9Ch1+JD43YruMrSWcZpYk7IRqSsM94D2I7X9EwioLk0="}},"KzLaK5i1wsxeFlAGhLnyzUeqRxhG1IJ8m/zeMQ+s9PM=":{"valueMac":{"type":"Buffer","data":"84AyGqj1w50CYj2VFA4oCO+zZozULHmdBy2ymM4Y3mA="}},"JYVr/tZb8ii/583tpMO5BKhTtkQW9Un8eQP5evkOa84=":{"valueMac":{"type":"Buffer","data":"hsQS1aX3PC6TUbRHCBl3g2HR2VRwRYeGaVx/uW1D5MA="}},"Mcq7gYrilIK2CwbX2ezdPWJwfsA/bATj+sSA8uBPvFw=":{"valueMac":{"type":"Buffer","data":"1nDHSWtLpX7aDieLFKPPfU1UDXQ2K4hoTWRWGfOvUXg="}},"HzSp9LHPMsceJJNbuGs/GgMyPmXZyuDn+fN8qtIp4Rk=":{"valueMac":{"type":"Buffer","data":"CLASaIdqxsA2g+Gz8FYDLpkVba4Ygwnt1vPQxRwGxSw="}},"vFWhcQYyVrpyYGvJ5D1Monn02vXbiXhnkbtAoauprEA=":{"valueMac":{"type":"Buffer","data":"aRS47gIQzRsy7G23o0uu5AU9Kaf7342oTPgmsydVHrI="}},"Yi5+rgrM1kAqn82mFWIpP/2qpsRYCwboZVz+P6SCCTs=":{"valueMac":{"type":"Buffer","data":"4uNxBvyQk9NO2p+pVxQiIeIpnzMI+QF9AVwSxtxzQ2g="}},"CfvHSNEoApXwyPCn+Bh9K6+DzS4d0ztjBxare3xIqX0=":{"valueMac":{"type":"Buffer","data":"CvjipoAwvVYJ+u81aroNRTBZUCLl5M+Q8IPf48szGhc="}},"vU0FmXfHMWTZ8eLLxLs3wB6BeMZxeJRxsgJAXZ38u+4=":{"valueMac":{"type":"Buffer","data":"CBoyozLsFhA1/hMbAjUIDQ9jw3kt7AhCNjaBz9wz7kc="}},"RjlY+niv43B8to5JuhnJiMtwb5jew+887vPb+PW5obA=":{"valueMac":{"type":"Buffer","data":"yOedGZrjTOXnjhiv6N9wFZQCNkMK9sPPMO2JijKUEEo="}},"t7q+/EGx0OteMcN0dbfHnFs+5yw7ppVz1wCbu4HjJ+w=":{"valueMac":{"type":"Buffer","data":"8QBGwaqA/qdbTyBap8Nwt0BMwTEDNDb5ZMvA/yqSu7I="}},"W3EWmL5DOqDW0/swZ52xiZz9lK65JyRUTY6Fg6+UfuE=":{"valueMac":{"type":"Buffer","data":"GH5c0GkUHOCGodeDf83SbgSA5tC3rcoS5Ad96EJwecs="}},"2s85kuHZONwbX/ll88NrA6SSK/KW2fuVCahICTqxvSA=":{"valueMac":{"type":"Buffer","data":"bO8EwUHRT/t2CHwu17ERdb4iX5XeNXfgD2zzKLXH3Gk="}},"/S5poyZTLmWlB7IpaC80NKFJUHhMF7RsHQ/s72qdD6s=":{"valueMac":{"type":"Buffer","data":"yh6rkO0Xeie1eYapXV0ty6CI+R7/3imOn5kuKmUGlhQ="}},"UoOtFLm9qPGGi6ac6wyu65roaAI1toC72c1yd1Ga3Mg=":{"valueMac":{"type":"Buffer","data":"iCo13GXouvmYuzqqhizNnU5WWMUkppu0X7xwyGMyaqU="}},"x2JHvz3H4Z1I6sRnQdproLTUdLljyMwAWt341Yn7eUA=":{"valueMac":{"type":"Buffer","data":"imFHPHDmrfB62qFe2oEumF0f06HqS7NT62+nj1ds0Q8="}},"j2OqqEZPNSYsgRJoqWBMRzbpQNUQYOyubRFzo3YdM+Y=":{"valueMac":{"type":"Buffer","data":"uPz3KEaiKUTcOx3o76o6rotu8HTkNN+uT0kvsl7vXx8="}},"F5X2fGEdaUT6f5kM8pi+mU0IAVEASf6jDmC+D+8EYU8=":{"valueMac":{"type":"Buffer","data":"ZWRaelC4kk+bDo70HrvJdlNaOJaAZWjsalbk5sCyRL0="}},"teJyk1MkH2O+FOr2SxlCqEoWaWXiYwpm8JSHS8E8aVc=":{"valueMac":{"type":"Buffer","data":"ouB5DYz/6ns9kl2i+8nC9rjm9V/5GSsIEGLHc1ukgCA="}},"oykcTIDHRFDTz2SFqkLGvNfN5Ekj23tAEY6SLOKwMeQ=":{"valueMac":{"type":"Buffer","data":"gZyFzfAaVvKd00p2fv2wkqXd8y1mFJe5KzUzlnTj+qw="}}}}