{"version":1,"hash":{"type":"Buffer","data":"uQ9gZJOHr1/CQVCnzDMguY5PD99Uer4BHkUmNNOQUz6uNr+pc9Vs3RS7Vwsm6ydh526H/nvH4GC8OmdfoUEgHw2be4AQtpdwr1snlCH5nkOoQ/3l4suvahxJcytcCYOz2UQcs08vA1Jd6Jqi0HVY86a/9UwrVXWS64FuWr0EmXE="},"indexValueMap":{"PHo/cFEvZdp6QP94F7Ld3gfuEjF4M7vvaEMsWLUTqag=":{"valueMac":{"type":"Buffer","data":"OGrioZ659mLjZ01vA+cnZmWEHjS5ytLCSSvdA9W6dKE="}},"GbFlYQZk8A/k6lVy6wJje3RCkOkneV8q73PyCcjxEdo=":{"valueMac":{"type":"Buffer","data":"L/uJq5h20Cm0E74oqdVl+m4AMMXwNIdI7E/S7PsLbF8="}},"6yMfFSn+Dv0GX9TZ/yQ+qGQ+nSfWf50wwlFFvJlL7v8=":{"valueMac":{"type":"Buffer","data":"y3mHcPG5LMWorA4MXUAFuu5xjFAY8oViKbpvkPT5EF0="}},"jl8HdrIwEw+oqM0FfOubKsQdCSzu0oZFUXp3jO0i9Og=":{"valueMac":{"type":"Buffer","data":"YWMfqHmWebIGLLW0t7VuGVPqUnJ978xEySm4Lw2CuJ0="}},"p2sewkOJIAccskrf1KZJoZxJ0x7MZKuFVgS8qRDcJaE=":{"valueMac":{"type":"Buffer","data":"K5kPSpkFw1s6M2k3ZM4BEb2EvOTLaUk249y1xitbcJM="}},"bbG4Om5HKDyxcY/muRiHxceXpR1yJdfLHc88/+MX0dI=":{"valueMac":{"type":"Buffer","data":"xKGPURQKiMzucrJfbWdpX7kO/LrrmM0PskzXMD6LzTY="}},"jbtiWYyqvvkgNVZjgQprDOdhi9NgBwv37Ro2Jiumcb8=":{"valueMac":{"type":"Buffer","data":"u4YeQNq8vSxfjvy1dmkl6TRLdXObEY0Sfk4+5ySktlQ="}}}}