{"noiseKey":{"private":{"type":"Buffer","data":"KJJJNFEZZD6HVT/TDAjyEFnESX8ufi/uxX8A3AcB9n0="},"public":{"type":"Buffer","data":"GicnbFOSAGD4Qkl/7bvG2PlndJQQ9NpLPLqltMjDkgw="}},"signedIdentityKey":{"private":{"type":"Buffer","data":"iPHBGTkZj/D/vhuP1G1K9vnh9+zH70QTUVsxW8/xMGk="},"public":{"type":"Buffer","data":"ywFO+bUxJfEmhWC5+uAris96MvktgXXCylokQeUxhD4="}},"signedPreKey":{"keyPair":{"private":{"type":"Buffer","data":"gF31TYtFlto8cP5SdY3Fj9y0qxXBBiVEsV5ofOVyQ3w="},"public":{"type":"Buffer","data":"Q0YwGTFhPpePTmrA4j4jI7m6HlSbR3bZ8Y5fBCKAKWY="}},"signature":{"type":"Buffer","data":"6aj32PicjKH58I5o71x7kZF9ZxBou3MmE9wOsYNH46Oc2N/sgOiQcyWL9HXTGzBtonRRFtnpxLygS69RK8qojA=="},"keyId":1},"registrationId":225,"advSecretKey":"dmfI8iBG0iCqu1aTxM+xS8NdaB1/HvPr55XCJTEt2Rk=","processedHistoryMessages":[{"key":{"remoteJid":"62882016155766@s.whatsapp.net","fromMe":true,"id":"2C545239EA7BF57B3752C792F51A83AB"},"messageTimestamp":1670407414},{"key":{"remoteJid":"62882016155766@s.whatsapp.net","fromMe":true,"id":"A5C7B6BB0155B92B46D40BEA39D2CF2D"},"messageTimestamp":1670407461}],"nextPreKeyId":31,"firstUnuploadedPreKeyId":31,"accountSyncCounter":1,"accountSettings":{"unarchiveChats":false},"account":{"details":"CJLL58AFEOjJwZwGGAE=","accountSignatureKey":"tUWg7kjPKZ5dFW66EHXwEmrFitkBOQ+K03F2qXHcvmg=","accountSignature":"xwp1tTnBJI6mWOOfJZ6IR2btKNJSyZOOqDD1jHDg9aM5o2uf/ybI5qIoekEvHLL6I/xSZ8t3+CyODwCHp0pADw==","deviceSignature":"sYfx29o759BUuPO48R7HBdwdm6TcMvWq0fi52DxZsJO8Noeo5aOutK8JESy/7mMV7yMd5//NYvi9vPCzW7tAjQ=="},"me":{"id":"62882016155766:1@s.whatsapp.net","name":"ʟᴏꜱᴇʀ - ᴍᴅ ʙᴇᴛᴀ"},"signalIdentities":[{"identifier":{"name":"62882016155766:1@s.whatsapp.net","deviceId":0},"identifierKey":{"type":"Buffer","data":"BbVFoO5IzymeXRVuuhB18BJqxYrZATkPitNxdqlx3L5o"}}],"platform":"smba","lastAccountSyncTimestamp":1670407402,"myAppStateKeyId":"AAAAAOmn"}