{"_sessions":{"BQWGR6hR603VYUvPs94dFCLMtpk9u9r1joWBIEK2pTU7":{"registrationId":1769294142,"currentRatchet":{"ephemeralKeyPair":{"pubKey":"BdtuW3ZFL/DWSHc02ExduE/PkJ/GyAYYJEJM80aITFQH","privKey":"gFBqIUbscD7SlwyribJx3e+CO+7km0Sr+sZQ6IkiOV0="},"lastRemoteEphemeralKey":"BXjq0pOvngdke0ktMfC1JuQ0C2UyDt2R3tDN1tGs90Fc","previousCounter":0,"rootKey":"Ye3ZgPMmmM5X+RChpl52Ec80vVAuC5cdSoVi3EDFCZs="},"indexInfo":{"baseKey":"BQWGR6hR603VYUvPs94dFCLMtpk9u9r1joWBIEK2pTU7","baseKeyType":2,"closed":-1,"used":1670407404650,"created":1670407404650,"remoteIdentityKey":"BbVFoO5IzymeXRVuuhB18BJqxYrZATkPitNxdqlx3L5o"},"_chains":{"BXjq0pOvngdke0ktMfC1JuQ0C2UyDt2R3tDN1tGs90Fc":{"chainKey":{"counter":4,"key":"0x7dCqQhYnXw3RfXpuceNkzjdddjYb6Ju3dbbrTZkx4="},"chainType":2,"messageKeys":{}},"BdtuW3ZFL/DWSHc02ExduE/PkJ/GyAYYJEJM80aITFQH":{"chainKey":{"counter":-1,"key":"8hcZMKufuo5vLM+iJstw+GOm6AYccJmlUp/EUxCaAUo="},"chainType":1,"messageKeys":{}}}}},"version":"v1"}